<?xml version="1.0"?>
<doc>
    <assembly>
        <name>DependencyGraph</name>
    </assembly>
    <members>
        <!-- Badly formed XML comment ignored for member "T:SpreadsheetUtilities.DependencyGraph" -->
        <member name="F:SpreadsheetUtilities.DependencyGraph.dependents">
            <summary>
            Creates an empty DependencyGraph.
            </summary>
        </member>
        <member name="P:SpreadsheetUtilities.DependencyGraph.Size">
            <summary>
            The number of ordered pairs in the DependencyGraph.
            dependents[key]
            </summary>
        </member>
        <member name="P:SpreadsheetUtilities.DependencyGraph.Item(System.String)">
            <summary>
            The size of dependees(s).
            This property is an example of an indexer.  If dg is a DependencyGraph, you would
            invoke it like this:
            dg["a"]
            It should return the size of dependees("a")
            </summary>
        </member>
        <member name="M:SpreadsheetUtilities.DependencyGraph.HasDependents(System.String)">
            <summary>
            Reports whether dependents(s) is non-empty.
            </summary>
        </member>
        <member name="M:SpreadsheetUtilities.DependencyGraph.HasDependees(System.String)">
            <summary>
            Reports whether dependees(s) is non-empty.
            </summary>
        </member>
        <member name="M:SpreadsheetUtilities.DependencyGraph.GetDependents(System.String)">
            <summary>
            Enumerates dependents(s).
            </summary>
        </member>
        <member name="M:SpreadsheetUtilities.DependencyGraph.GetDependees(System.String)">
            <summary>
            Enumerates dependees(s).
            </summary>
        </member>
        <member name="M:SpreadsheetUtilities.DependencyGraph.addDependent(System.String,System.String)">
            <summary>
            Helper method for adding dependent to dependee.
            </summary>
            <param name="s">dependee</param>
            <param name="t">dependent</param>
        </member>
        <member name="M:SpreadsheetUtilities.DependencyGraph.addDependee(System.String,System.String)">
            <summary>
            Helper method for adding depenee to dependent.
            </summary>
            <param name="s">dependee</param>
            <param name="t">dependent</param>
        </member>
        <member name="M:SpreadsheetUtilities.DependencyGraph.AddDependency(System.String,System.String)">
             <summary>
             <para>Adds the ordered pair (s,t), if it doesn't exist</para>
             
             <para>This should be thought of as:</para>   
             
               t depends on s
            
             </summary>
             <param name="s"> s must be evaluated first. T depends on S</param>
             <param name="t"> t cannot be evaluated until s is</param>        /// 
        </member>
        <member name="M:SpreadsheetUtilities.DependencyGraph.RemoveDependency(System.String,System.String)">
            <summary>
            Removes the ordered pair (s,t), if it exists
            </summary>
            <param name="s"></param>
            <param name="t"></param>
        </member>
        <member name="M:SpreadsheetUtilities.DependencyGraph.ReplaceDependents(System.String,System.Collections.Generic.IEnumerable{System.String})">
            <summary>
            Removes all existing ordered pairs of the form (s,r).  Then, for each
            t in newDependents, adds the ordered pair (s,t).
            </summary>
        </member>
        <member name="M:SpreadsheetUtilities.DependencyGraph.ReplaceDependees(System.String,System.Collections.Generic.IEnumerable{System.String})">
            <summary>
            Removes all existing ordered pairs of the form (r,s).  Then, for each 
            t in newDependees, adds the ordered pair (t,s).
            </summary>
        </member>
    </members>
</doc>
